"symbol","Margin Mode","Position Side","Entry Price","Avg. Close Pirce","Max Open Interest","Closed Vol.","Closing PNL","Opened","Closed","Status"
"FHEUSDT","Cross","Long","0.06154600","0.06149800","370.00000000","673.00000000","-0.04737057","2025-08-24 23:15:50.877",,"Partially Closed"
"WLFIUSDT","Cross","Long","0.22970000","0.22050000","436.00000000","436.00000000","-4.01120000","2025-08-24 22:57:16.421","2025-08-24 23:13:39.391","Closed"
"SKYAIUSDT","Cross","Long","0.04293500","0.04097000","2330.00000000","2330.00000000","-4.57800000","2025-08-24 20:25:20.020","2025-08-24 22:04:13.149","Closed"
"BIDUSDT","Cross","Short","0.11239400","0.11692000","885.00000000","885.00000000","-4.00551000","2025-08-24 20:24:49.325","2025-08-24 20:33:12.508","Closed"
"XPLUSDT","Cross","Short","0.55010000","0.57310000","182.00000000","182.00000000","-4.18600000","2025-08-24 20:21:24.853","2025-08-24 23:23:19.056","Closed"
"BIDUSDT","Cross","Short","0.11428000","0.11303900","879.00000000","879.00000000","1.09050000","2025-08-24 20:04:41.925","2025-08-24 20:24:32.616","Closed"
"WLFIUSDT","Cross","Short","0.21280000","0.22291300","469.00000000","469.00000000","-4.74290000","2025-08-24 19:45:04.719","2025-08-24 22:56:45.654","Closed"
"MYROUSDT","Cross","Short","0.02501000","0.02501000","3987.00000000","3987.00000000","0E-8","2025-08-24 19:39:33.145","2025-08-24 19:53:55.137","Closed"
"WLFIUSDT","Cross","Short","0.21400000","0.21270000","468.00000000","468.00000000","0.60840000","2025-08-24 19:39:26.756","2025-08-24 19:44:48.408","Closed"
"BANUSDT","Cross","Short","0.08617200","0.08963000","1163.00000000","1163.00000000","-4.02138999","2025-08-24 19:38:50.124","2025-08-24 23:41:00.664","Closed"
"BIDUSDT","Cross","Short","0.11437100","0.11382000","878.00000000","878.00000000","0.48417999","2025-08-24 19:38:43.830","2025-08-24 20:04:14.840","Closed"
"XNYUSDT","Cross","Short","0.00675800","0.00675900","14754.00000000","14754.00000000","-0.01479801","2025-08-24 19:38:08.059","2025-08-24 19:52:51.557","Closed"
"UMAUSDT","Cross","Short","1.52200000","1.52200000","66.00000000","66.00000000","0E-8","2025-08-24 19:37:00.624","2025-08-24 20:10:16.130","Closed"
"BIDUSDT","Cross","Short","0.11365400","0.11350000","877.00000000","877.00000000","0.13542999","2025-08-24 19:36:19.952","2025-08-24 19:38:16.875","Closed"
"HAEDALUSDT","Cross","Long","0.14022100","0.13457100","713.00000000","713.00000000","-4.02839497","2025-08-24 19:35:15.323","2025-08-24 22:29:56.831","Closed"
"WLFIUSDT","Cross","Short","0.21760000","0.21040000","455.00000000","455.00000000","3.27600000","2025-08-24 19:35:00.104","2025-08-24 19:38:47.179","Closed"
"MYROUSDT","Cross","Long","0.02561100","0.02459000","3906.00000000","3906.00000000","-3.98812999","2025-08-24 19:33:30.307","2025-08-24 19:37:29.990","Closed"
"XNYUSDT","Cross","Long","0.00688300","0.00660000","14548.00000000","14548.00000000","-4.11486000","2025-08-24 19:05:48.262","2025-08-24 19:37:36.589","Closed"
"WLFIUSDT","Cross","Long","0.22720000","0.21770000","440.00000000","440.00000000","-4.18000000","2025-08-24 18:47:00.648","2025-08-24 19:34:30.044","Closed"
"WLFIUSDT","Cross","Long","0.22790000","0.22790000","441.00000000","441.00000000","0E-8","2025-08-24 18:40:44.917","2025-08-24 18:46:37.824","Closed"
"SAPIENUSDT","Cross","Short","0.25309900","0.23097200","395.00000000","395.00000000","8.74018996","2025-08-24 18:32:21.937","2025-08-24 21:37:40.043","Closed"
"BIDUSDT","Cross","Long","0.11807000","0.11326200","845.00000000","845.00000000","-4.06277000","2025-08-24 18:31:26.450","2025-08-24 19:35:56.878","Closed"
"BIDUSDT","Cross","Short","0.11421000","0.11889000","877.00000000","877.00000000","-4.10436999","2025-08-24 18:25:42.842","2025-08-24 18:31:13.628","Closed"
"BIDUSDT","Cross","Long","0.11682400","0.11245400","857.00000000","857.00000000","-3.74515999","2025-08-24 18:22:02.122","2025-08-24 18:25:26.055","Closed"
"XPLUSDT","Cross","Short","0.56020000","0.55043900","178.00000000","178.00000000","1.73750000","2025-08-24 18:13:04.991","2025-08-24 20:21:02.190","Closed"
"PROMPTUSDT","Cross","Long","0.36466300","0.34860000","274.00000000","274.00000000","-4.40119999","2025-08-24 17:58:18.486","2025-08-24 18:06:25.066","Closed"
"BANUSDT","Cross","Long","0.09055700","0.08610200","1107.00000000","1107.00000000","-4.93174999","2025-08-24 17:52:40.626","2025-08-24 19:36:18.679","Closed"
"FHEUSDT","Cross","Long","0.06604000","0.06603000","1517.00000000","1517.00000000","-0.01517000","2025-08-24 17:46:03.545","2025-08-24 18:14:50.490","Closed"
"SAPIENUSDT","Cross","Long","0.25369400","0.25360800","395.00000000","395.00000000","-0.03396997","2025-08-24 17:42:54.321","2025-08-24 18:32:08.033","Closed"
"BIOUSDT","Cross","Short","0.24116000","0.25084000","417.00000000","417.00000000","-4.03657999","2025-08-24 17:41:33.619","2025-08-24 17:44:26.854","Closed"
"BIOUSDT","Cross","Long","0.24842000","0.23845400","396.00000000","396.00000000","-3.94658000","2025-08-24 17:40:38.043","2025-08-24 17:41:20.691","Closed"
"PROMPTUSDT","Cross","Long","0.34050000","0.36190000","295.00000000","295.00000000","6.31300000","2025-08-24 17:30:02.209","2025-08-24 17:57:51.014","Closed"
"XPLUSDT","Cross","Long","0.58510000","0.56140000","171.00000000","171.00000000","-4.05270000","2025-08-24 17:28:28.750","2025-08-24 18:12:53.267","Closed"
"SKYAIUSDT","Cross","Short","0.04300800","0.04301300","2327.00000000","2327.00000000","-0.01272999","2025-08-24 17:27:55.898","2025-08-24 20:24:46.782","Closed"
"SKYAIUSDT","Cross","Long","0.04391000","0.04209000","2279.00000000","2279.00000000","-4.14778000","2025-08-24 17:21:43.926","2025-08-24 17:25:49.616","Closed"
"FHEUSDT","Cross","Short","0.06546600","0.06498800","1604.00000000","6983.00000000","3.33599992","2025-08-24 17:19:23.660","2025-08-24 23:15:50.877","Closed"
"FHEUSDT","Cross","Long","0.06200000","0.06250000","144.00000000","144.00000000","0.07200000","2025-08-24 17:17:06.165","2025-08-24 17:19:23.660","Closed"
"PROMPTUSDT","Cross","Short","0.33040000","0.34360000","302.00000000","302.00000000","-3.98640000","2025-08-24 17:10:00.404","2025-08-24 17:29:32.051","Closed"
"MEMEUSDT","Cross","Short","0.00386800","0.00386400","25846.00000000","25846.00000000","0.10338400","2025-08-24 17:03:22.391","2025-08-24 18:23:00.378","Closed"
"BIOUSDT","Cross","Long","0.23103000","0.25175000","432.00000000","432.00000000","8.95104000","2025-08-24 17:02:25.848","2025-08-24 17:40:22.541","Closed"
"FHEUSDT","Cross","Short","0.06319400","0.06270000","353.00000000","353.00000000","0.17449999","2025-08-24 17:01:43.443","2025-08-24 17:17:06.165","Closed"
"SAPIENUSDT","Cross","Short","0.24421700","0.25399000","409.00000000","409.00000000","-3.99700999","2025-08-24 17:01:00.099","2025-08-24 17:42:33.671","Closed"
"BIOUSDT","Cross","Short","0.22138000","0.23010000","454.00000000","454.00000000","-3.95888000","2025-08-24 16:49:28.794","2025-08-24 17:02:13.586","Closed"
"PROMPTUSDT","Cross","Short","0.37330000","0.33370000","268.00000000","268.00000000","10.61280000","2025-08-24 16:48:32.151","2025-08-24 17:09:37.889","Closed"
"FHEUSDT","Cross","Long","0.06222800","0.06222800","307.00000000","307.00000000","0E-8","2025-08-24 16:45:45.693","2025-08-24 17:01:43.443","Closed"
"FHEUSDT","Cross","Short","0.06342000","0.06597000","1578.00000000","1578.00000000","-4.02390000","2025-08-24 16:38:51.017","2025-08-24 17:45:42.534","Closed"
"PROMPTUSDT","Cross","Long","0.38400000","0.36900000","260.00000000","260.00000000","-3.90000000","2025-08-24 16:36:08.974","2025-08-24 16:48:02.371","Closed"
"FHEUSDT","Cross","Short","0.06369000","0.06319400","353.00000000","353.00000000","0.17499998","2025-08-24 16:34:00.560","2025-08-24 16:45:45.693","Closed"
"FHEUSDT","Cross","Long","0.06329100","0.06282200","302.00000000","466.00000000","-0.21849998","2025-08-24 16:23:14.640","2025-08-24 16:34:00.560","Closed"
"PROMPTUSDT","Cross","Long","0.37040000","0.38130000","270.00000000","270.00000000","2.94300000","2025-08-24 16:22:59.080","2025-08-24 16:35:55.053","Closed"
"FHEUSDT","Cross","Short","0.06450000","0.06400000","25.00000000","25.00000000","0.01250000","2025-08-24 16:22:01.089","2025-08-24 16:23:14.640","Closed"
"FHEUSDT","Cross","Short","0.06432000","0.06339000","1554.00000000","1554.00000000","1.44522000","2025-08-24 16:20:38.799","2025-08-24 16:38:19.656","Closed"
"FHEUSDT","Cross","Long","0.06422800","0.06422800","298.00000000","298.00000000","0E-8","2025-08-24 16:19:47.767","2025-08-24 16:22:01.089","Closed"
"MEMEUSDT","Cross","Short","0.00396800","0.00387500","25233.00000000","25233.00000000","2.34666900","2025-08-24 16:16:22.877","2025-08-24 17:03:00.090","Closed"
"BIOUSDT","Cross","Short","0.24640000","0.21541000","406.00000000","406.00000000","12.58194000","2025-08-24 16:13:29.095","2025-08-24 16:48:58.703","Closed"
"XPLUSDT","Cross","Long","0.57550000","0.58500000","174.00000000","174.00000000","1.65300000","2025-08-24 16:13:21.180","2025-08-24 17:28:09.936","Closed"
"BIOUSDT","Cross","Short","0.24534600","0.24534000","403.00000000","403.00000000","0.00244000","2025-08-24 16:08:05.935","2025-08-24 16:13:01.218","Closed"
"PROMPTUSDT","Cross","Short","0.35720000","0.37150000","280.00000000","280.00000000","-4.00400000","2025-08-24 16:05:34.623","2025-08-24 16:22:37.280","Closed"
"WLFIUSDT","Cross","Short","0.22110000","0.23070000","454.00000000","454.00000000","-4.35840000","2025-08-24 16:03:08.660","2025-08-24 18:40:15.130","Closed"
"BIDUSDT","Cross","Long","0.10997800","0.11789000","907.00000000","907.00000000","7.17623999","2025-08-24 16:02:28.287","2025-08-24 18:21:41.184","Closed"
"XNYUSDT","Cross","Long","0.00627100","0.00689400","15995.00000000","15995.00000000","9.97273000","2025-08-24 16:01:14.683","2025-08-24 19:05:29.028","Closed"
"MEMEUSDT","Cross","Short","0.00402400","0.00397400","24950.00000000","24950.00000000","1.24750000","2025-08-24 16:01:05.658","2025-08-24 16:16:02.032","Closed"
"BIDUSDT","Cross","Short","0.10534100","0.10961300","943.00000000","943.00000000","-4.02889999","2025-08-24 15:57:39.007","2025-08-24 16:02:01.591","Closed"
"QTUMUSDT","Cross","Long","2.91700000","3.21800000","34.30000000","34.30000000","10.32430000","2025-08-24 15:53:49.095","2025-08-24 17:50:41.626","Closed"
"PROMPTUSDT","Cross","Long","0.37200000","0.35670000","269.00000000","269.00000000","-4.11570000","2025-08-24 15:51:18.361","2025-08-24 16:05:10.065","Closed"
"BIDUSDT","Cross","Long","0.11216500","0.10763300","896.00000000","896.00000000","-4.06082998","2025-08-24 15:50:36.887","2025-08-24 15:55:05.059","Closed"
"XPLUSDT","Cross","Short","0.57370000","0.57374000","174.00000000","174.00000000","-0.00690000","2025-08-24 15:48:04.055","2025-08-24 16:12:50.086","Closed"
"MYROUSDT","Cross","Long","0.02562000","0.02563000","3902.00000000","3902.00000000","0.03902000","2025-08-24 15:36:35.532","2025-08-24 19:33:01.826","Closed"
"VVVUSDT","Cross","Long","3.11700000","3.16200000","32.07000000","32.07000000","1.44315000","2025-08-24 15:36:26.853","2025-08-24 19:35:56.536","Closed"
"TUTUSDT","Cross","Long","0.06239000","0.06000200","1604.00000000","1604.00000000","-3.83069000","2025-08-24 15:36:09.655","2025-08-24 16:01:39.400","Closed"
"JELLYJELLYUSDT","Cross","Long","0.01896000","0.01897000","5285.00000000","5285.00000000","0.05285000","2025-08-24 15:35:59.058","2025-08-24 19:34:30.067","Closed"
"BANUSDT","Cross","Long","0.08958000","0.08981000","1117.00000000","1117.00000000","0.25691000","2025-08-24 15:35:51.823","2025-08-24 17:52:27.061","Closed"
"HAEDALUSDT","Cross","Long","0.13704600","0.13937200","730.00000000","730.00000000","1.69831199","2025-08-24 15:35:41.758","2025-08-24 19:34:30.344","Closed"
"ALCHUSDT","Cross","Long","0.10185000","0.10266700","982.00000000","982.00000000","0.80217000","2025-08-24 15:35:34.958","2025-08-24 15:41:10.234","Closed"
"DOGSUSDT","Cross","Long","0.00015200","0.00015200","657030.00000000","657030.00000000","0.06570300","2025-08-24 15:35:26.791","2025-08-24 19:34:24.128","Closed"
"SKYAIUSDT","Cross","Long","0.04115100","0.04422600","2431.00000000","2431.00000000","7.47414999","2025-08-24 15:35:17.161","2025-08-24 17:21:27.957","Closed"
"UMAUSDT","Cross","Long","1.53700000","1.53600000","65.00000000","65.00000000","-0.06500000","2025-08-24 15:35:08.391","2025-08-24 19:34:24.969","Closed"
"QTUMUSDT","Cross","Long","2.91200000","2.91200000","34.40000000","34.40000000","0E-8","2025-08-24 15:34:59.859","2025-08-24 15:53:09.406","Closed"
"BIDUSDT","Cross","Long","0.10672700","0.11242700","936.00000000","936.00000000","5.33542999","2025-08-24 15:34:52.483","2025-08-24 15:50:10.294","Closed"
"PIPPINUSDT","Cross","Long","0.01594000","0.01615000","6277.00000000","6277.00000000","1.31817000","2025-08-24 15:34:44.443","2025-08-24 19:33:58.481","Closed"
"BSWUSDT","Cross","Long","0.01700000","0.01705000","5882.00000000","5882.00000000","0.29410000","2025-08-24 15:34:36.300","2025-08-24 19:36:54.130","Closed"
"BIOUSDT","Cross","Long","0.25814000","0.24756000","387.00000000","387.00000000","-4.09446000","2025-08-24 15:34:28.449","2025-08-24 16:07:29.490","Closed"
"SAPIENUSDT","Cross","Short","0.25078000","0.24415000","399.00000000","399.00000000","2.64537000","2025-08-24 15:34:18.480","2025-08-24 17:00:35.988","Closed"
"XPLUSDT","Cross","Long","0.57530000","0.57520000","173.00000000","173.00000000","-0.01730000","2025-08-24 15:34:10.588","2025-08-24 15:47:32.001","Closed"
"XNYUSDT","Cross","Long","0.00615100","0.00620400","16287.00000000","16287.00000000","0.86176099","2025-08-24 15:34:01.590","2025-08-24 16:00:41.466","Closed"
"MEMEUSDT","Cross","Short","0.00397700","0.00397100","25094.00000000","25094.00000000","0.15056400","2025-08-24 15:33:52.262","2025-08-24 16:00:26.466","Closed"
"PROMPTUSDT","Cross","Long","0.37222900","0.37278100","268.00000000","268.00000000","0.14799999","2025-08-24 15:33:41.847","2025-08-24 15:50:38.557","Closed"
"WLFIUSDT","Cross","Short","0.22610000","0.22140000","444.00000000","444.00000000","2.08680000","2025-08-24 15:33:33.060","2025-08-24 16:02:45.267","Closed"
"FHEUSDT","Cross","Long","0.06696500","0.06426000","1497.00000000","1497.00000000","-4.05008999","2025-08-24 15:33:23.543","2025-08-24 16:20:03.918","Closed"
"MEMEUSDT","Cross","Long","0.00415100","0.00398800","24096.00000000","24096.00000000","-3.92764800","2025-08-24 14:40:45.569","2025-08-24 15:05:30.475","Closed"
"WLFIUSDT","Cross","Short","0.22690000","0.22310000","437.00000000","437.00000000","1.66060000","2025-08-24 14:37:03.055","2025-08-24 15:27:15.226","Closed"
"PROMPTUSDT","Cross","Long","0.35690000","0.37830000","281.00000000","281.00000000","6.01340000","2025-08-24 14:30:32.303","2025-08-24 15:13:22.064","Closed"
"WLFIUSDT","Cross","Long","0.23550000","0.22500000","424.00000000","424.00000000","-4.45200000","2025-08-24 14:20:31.890","2025-08-24 14:36:40.036","Closed"
"SAPIENUSDT","Cross","Short","0.25695000","0.25163300","388.00000000","388.00000000","2.06296000","2025-08-24 14:17:18.129","2025-08-24 15:27:13.031","Closed"
"FHEUSDT","Cross","Short","0.06527000","0.06789000","1532.00000000","1532.00000000","-4.01404000","2025-08-24 14:17:01.306","2025-08-24 14:54:44.665","Closed"
"SAPIENUSDT","Cross","Short","0.26127000","0.25866000","383.00000000","383.00000000","0.99963000","2025-08-24 14:09:35.729","2025-08-24 14:16:32.913","Closed"
"PROMPTUSDT","Cross","Short","0.35430000","0.35731600","283.00000000","283.00000000","-0.85340000","2025-08-24 14:09:26.364","2025-08-24 14:30:17.393","Closed"
"FHEUSDT","Cross","Short","0.06671000","0.06622400","971.00000000","2527.00000000","1.22799994","2025-08-24 14:07:04.768","2025-08-24 16:19:47.767","Closed"
"FHEUSDT","Cross","Long","0.06571400","0.06470800","276.00000000","276.00000000","-0.27749999","2025-08-24 14:01:46.271","2025-08-24 14:07:04.768","Closed"
"FHEUSDT","Cross","Short","0.06650000","0.06600000","39.00000000","39.00000000","0.01950000","2025-08-24 14:01:10.013","2025-08-24 14:01:46.271","Closed"
"FHEUSDT","Cross","Long","0.06571200","0.06621400","274.00000000","274.00000000","0.13749999","2025-08-24 13:52:16.660","2025-08-24 14:01:10.013","Closed"
"XNYUSDT","Cross","Short","0.00648300","0.00674500","15408.00000000","15408.00000000","-4.03689600","2025-08-24 13:50:36.295","2025-08-24 14:53:29.301","Closed"
"WLFIUSDT","Cross","Long","0.23130000","0.22923600","433.00000000","433.00000000","-0.89390000","2025-08-24 13:50:24.219","2025-08-24 14:20:18.072","Closed"
"MEMEUSDT","Cross","Short","0.00411600","0.00411700","24361.00000000","24361.00000000","-0.02436100","2025-08-24 13:47:22.577","2025-08-24 14:39:28.249","Closed"
"PROMPTUSDT","Cross","Short","0.36850000","0.34870000","272.00000000","272.00000000","5.38560000","2025-08-24 13:43:46.899","2025-08-24 14:08:17.149","Closed"
"XPLUSDT","Cross","Short","0.56870000","0.59150000","175.00000000","175.00000000","-3.99000000","2025-08-24 13:41:18.322","2025-08-24 14:57:43.945","Closed"
"WLFIUSDT","Cross","Long","0.23890000","0.22950000","418.00000000","418.00000000","-3.92920000","2025-08-24 13:39:00.213","2025-08-24 13:48:58.160","Closed"
"FHEUSDT","Cross","Short","0.06697000","0.06532200","1491.00000000","1491.00000000","2.45724000","2025-08-24 13:35:23.222","2025-08-24 14:16:29.739","Closed"
"MEMEUSDT","Cross","Long","0.00408600","0.00410700","24504.00000000","24504.00000000","0.51628800","2025-08-24 13:34:00.802","2025-08-24 13:46:39.047","Closed"
"MEMEUSDT","Cross","Long","0.00448400","0.00430200","22297.00000000","22297.00000000","-4.05805400","2025-08-24 13:22:53.418","2025-08-24 13:32:30.936","Closed"
"SAPIENUSDT","Cross","Long","0.26598000","0.25500000","376.00000000","376.00000000","-4.12848000","2025-08-24 13:21:25.224","2025-08-24 13:55:02.456","Closed"
"FHEUSDT","Cross","Short","0.06695700","0.06646000","199.00000000","509.00000000","0.25299997","2025-08-24 13:18:03.629","2025-08-24 13:52:16.660","Closed"
"WLFIUSDT","Cross","Long","0.23690000","0.23690000","423.00000000","423.00000000","0E-8","2025-08-24 13:15:39.832","2025-08-24 13:38:13.681","Closed"
"PROMPTUSDT","Cross","Long","0.34830000","0.36820000","288.00000000","288.00000000","5.73120000","2025-08-24 13:11:12.603","2025-08-24 13:42:47.923","Closed"
"MEMEUSDT","Cross","Short","0.00432100","0.00449400","22753.00000000","22753.00000000","-3.93626900","2025-08-24 13:06:06.277","2025-08-24 13:20:30.432","Closed"
"FHEUSDT","Cross","Long","0.06570600","0.06620800","269.00000000","269.00000000","0.13499999","2025-08-24 13:03:57.697","2025-08-24 13:18:03.629","Closed"
"SAPIENUSDT","Cross","Short","0.26001500","0.27101000","385.00000000","385.00000000","-4.23315000","2025-08-24 13:03:46.335","2025-08-24 13:20:01.535","Closed"
"MEMEUSDT","Cross","Long","0.00414600","0.00436300","24096.00000000","24096.00000000","5.22883200","2025-08-24 12:54:29.459","2025-08-24 13:05:40.959","Closed"
"XPLUSDT","Cross","Long","0.56838000","0.57090000","176.00000000","176.00000000","0.44349999","2025-08-24 12:39:47.043","2025-08-24 13:40:58.753","Closed"
"MEMEUSDT","Cross","Short","0.00401000","0.00417100","24869.00000000","24869.00000000","-4.00390900","2025-08-24 12:37:23.783","2025-08-24 12:52:06.240","Closed"
"MEMEUSDT","Cross","Long","0.00403200","0.00403500","24839.00000000","24839.00000000","0.07451698","2025-08-24 12:33:55.837","2025-08-24 12:36:45.401","Closed"
"FORTHUSDT","Cross","Short","3.00600000","2.97700000","33.30000000","33.30000000","0.96570000","2025-08-24 12:22:52.610","2025-08-24 14:16:27.362","Closed"
"SAPIENUSDT","Cross","Long","0.25980000","0.25987800","385.00000000","385.00000000","0.03015000","2025-08-24 12:22:41.906","2025-08-24 13:02:33.064","Closed"
"XPLUSDT","Cross","Short","0.55010000","0.57210000","182.00000000","182.00000000","-4.00400000","2025-08-24 12:22:33.172","2025-08-24 12:37:39.434","Closed"
"XNYUSDT","Cross","Long","0.00630800","0.00644000","15855.00000000","15855.00000000","2.09164000","2025-08-24 12:22:21.645","2025-08-24 13:49:36.364","Closed"
"MEMEUSDT","Cross","Short","0.00403400","0.00403500","24814.00000000","24814.00000000","-0.02481399","2025-08-24 12:22:06.516","2025-08-24 12:31:43.883","Closed"
"PROMPTUSDT","Cross","Short","0.34490000","0.35900000","290.00000000","290.00000000","-4.08900000","2025-08-24 12:21:55.722","2025-08-24 13:09:13.994","Closed"
"WLFIUSDT","Cross","Long","0.23730000","0.23730000","422.00000000","422.00000000","0E-8","2025-08-24 12:21:43.788","2025-08-24 13:15:03.481","Closed"
"FHEUSDT","Cross","Short","0.06852100","0.06730000","1455.00000000","1455.00000000","1.77716000","2025-08-24 12:21:34.429","2025-08-24 13:34:18.062","Closed"
"API3USDT","Cross","Short","1.38710000","1.37930000","27.20000000","27.20000000","0.21216000","2025-08-24 11:23:00.155","2025-08-24 12:19:56.449","Closed"
"API3USDT","Cross","Short","1.38460000","1.38530000","9.10000000","9.10000000","-0.00637000","2025-08-24 11:22:08.187","2025-08-24 11:22:43.747","Closed"
"BIOUSDT","Cross","Long","0.29844100","0.30997000","335.00000000","335.00000000","3.86207999","2025-08-24 10:22:39.285","2025-08-24 11:56:51.067","Closed"
"FHEUSDT","Cross","Short","0.06808500","0.06759700","1124.00000000","4334.00000000","2.11549996","2025-08-24 10:16:22.466","2025-08-24 13:03:57.697","Closed"
"FHEUSDT","Cross","Long","0.06767200","0.06616300","233.00000000","233.00000000","-0.35149999","2025-08-24 10:05:14.626","2025-08-24 10:16:22.466","Closed"
"FHEUSDT","Cross","Short","0.06850000","0.06800000","72.00000000","72.00000000","0.03600000","2025-08-24 10:03:49.149","2025-08-24 10:05:14.626","Closed"
"FHEUSDT","Cross","Long","0.06800000","0.06850000","79.00000000","79.00000000","0.03950000","2025-08-24 10:03:12.096","2025-08-24 10:03:49.149","Closed"
"FHEUSDT","Cross","Short","0.06967300","0.06918100","671.00000000","820.00000000","0.40350000","2025-08-24 10:01:04.062","2025-08-24 10:03:12.096","Closed"
"FHEUSDT","Cross","Long","0.06789300","0.06809700","225.00000000","377.00000000","0.07699999","2025-08-24 09:43:49.835","2025-08-24 10:01:04.062","Closed"
"FHEUSDT","Cross","Short","0.06900000","0.06850000","79.00000000","79.00000000","0.03950000","2025-08-24 09:40:15.933","2025-08-24 09:43:49.835","Closed"
"FHEUSDT","Cross","Long","0.06850000","0.06900000","71.00000000","71.00000000","0.03550000","2025-08-24 09:39:29.305","2025-08-24 09:40:15.933","Closed"
"FHEUSDT","Cross","Short","0.06900000","0.06850000","80.00000000","80.00000000","0.04000000","2025-08-24 09:34:01.146","2025-08-24 09:39:29.305","Closed"
"FHEUSDT","Cross","Long","0.06850000","0.06900000","70.00000000","70.00000000","0.03500000","2025-08-24 09:32:11.480","2025-08-24 09:34:01.146","Closed"
"FHEUSDT","Cross","Short","0.07109700","0.07061200","1120.00000000","2867.00000000","1.39199998","2025-08-24 08:32:35.825","2025-08-24 09:32:11.480","Closed"
"FHEUSDT","Cross","Long","0.06812200","0.06862400","201.00000000","201.00000000","0.10099999","2025-08-24 08:28:30.290","2025-08-24 08:32:35.825","Closed"
"FHEUSDT","Cross","Short","0.06900000","0.06850000","102.00000000","102.00000000","0.05100000","2025-08-24 08:21:41.935","2025-08-24 08:28:30.290","Closed"
"FHEUSDT","Cross","Long","0.06850000","0.06900000","48.00000000","48.00000000","0.02400000","2025-08-24 08:20:08.879","2025-08-24 08:21:41.935","Closed"
"FHEUSDT","Cross","Short","0.06937000","0.06887200","254.00000000","403.00000000","0.20049998","2025-08-24 08:03:40.127","2025-08-24 08:20:08.879","Closed"
"FHEUSDT","Cross","Long","0.06850000","0.06900000","45.00000000","45.00000000","0.02250000","2025-08-24 08:03:16.822","2025-08-24 08:03:40.127","Closed"
"FHEUSDT","Cross","Short","0.06984200","0.06934800","553.00000000","702.00000000","0.34699999","2025-08-24 07:26:00.455","2025-08-24 08:03:16.822","Closed"
"FHEUSDT","Cross","Long","0.06939700","0.06877900","191.00000000","341.00000000","-0.21099999","2025-08-24 07:13:34.696","2025-08-24 07:26:00.455","Closed"
"FHEUSDT","Cross","Short","0.07100000","0.07050000","105.00000000","105.00000000","0.05250000","2025-08-24 07:03:52.319","2025-08-24 07:13:34.696","Closed"
"FHEUSDT","Cross","Long","0.07010600","0.07060900","188.00000000","188.00000000","0.09449999","2025-08-24 07:03:24.389","2025-08-24 07:03:52.319","Closed"
"PROMPTUSDT","Cross","Long","0.33940000","0.35540000","147.00000000","147.00000000","2.35200000","2025-08-24 06:50:54.375","2025-08-24 11:42:42.058","Closed"
"FHEUSDT","Cross","Short","0.07347700","0.07299500","1673.00000000","5639.00000000","2.71899993","2025-08-24 04:54:17.194","2025-08-24 07:03:24.389","Closed"
"PROMPTUSDT","Cross","Short","0.30800000","0.34550000","160.00000000","160.00000000","-6.00000000","2025-08-24 03:31:30.336","2025-08-24 05:06:32.064","Closed"
"PROMPTUSDT","Cross","Long","0.31790000","0.33090000","156.00000000","156.00000000","2.02800000","2025-08-24 03:30:16.829","2025-08-24 04:05:41.061","Closed"
"DOLOUSDT","Cross","Long","0.30440900","0.29947400","893.00000000","1068.00000000","-5.27160993","2025-08-24 03:05:25.334","2025-08-24 03:21:49.708","Closed"
"PROMPTUSDT","Cross","Long","0.33319000","0.32357900","748.00000000","1026.00000000","-9.86030005","2025-08-24 03:02:09.924","2025-08-24 03:16:48.575","Closed"
"API3USDT","Cross","Long","1.44210000","1.44320000","7.60000000","7.60000000","0.00836000","2025-08-24 01:53:07.484","2025-08-24 01:53:44.491","Closed"
"API3USDT","Cross","Long","1.44280000","1.44215400","34.60000000","34.60000000","-0.02236000","2025-08-24 00:51:48.601","2025-08-24 00:59:02.092","Closed"
"API3USDT","Cross","Long","1.44660000","1.44630000","95.20000000","95.20000000","-0.02856000","2025-08-24 00:50:45.933","2025-08-24 00:51:11.111","Closed"
"API3USDT","Cross","Long","1.44550000","1.44640000","15.20000000","15.20000000","0.01368000","2025-08-24 00:50:21.881","2025-08-24 00:50:32.383","Closed"
"API3USDT","Cross","Long","1.44880000","1.44790000","38.60000000","38.60000000","-0.03474000","2025-08-24 00:49:47.998","2025-08-24 00:50:15.580","Closed"
"FHEUSDT","Cross","Short","0.07814500","0.07734800","2859.00000000","6955.00000000","6.43691099","2025-08-23 22:04:35.391",,"Partially Closed"
"FHEUSDT","Cross","Short","0.07717916","0.07626400","2859.00000000","22934.00000000","20.99442967","2025-08-23 22:04:35.391","2025-08-24 04:53:39.501","Closed"
"FHEUSDT","Cross","Short","0.07980200","0.08248200","6566.00000000","9720.00000000","-26.04731998","2025-08-23 21:26:52.137","2025-08-23 21:54:48.696","Closed"
"FHEUSDT","Cross","Short","0.07740300","0.07976100","4009.00000000","4853.00000000","-11.44463997","2025-08-23 21:11:03.160","2025-08-23 21:18:00.419","Closed"
"FHEUSDT","Cross","Long","0.07500000","0.07500000","144.00000000","144.00000000","0E-8","2025-08-23 21:06:16.361","2025-08-23 21:06:16.386","Closed"
"WLFIUSDT","Cross","Short","0.28979900","0.28540700","770.00000000","3185.00000000","13.99019974","2025-08-23 21:05:11.014","2025-08-23 23:02:57.212","Closed"
"WLFIUSDT","Cross","Long","0.30250000","0.29000000","329.00000000","329.00000000","-4.11250000","2025-08-23 20:44:07.407","2025-08-23 20:57:03.060","Closed"
"WLFIUSDT","Cross","Short","0.29750000","0.30660000","335.00000000","335.00000000","-3.04850000","2025-08-23 20:40:46.604","2025-08-23 20:43:23.352","Closed"
"PROMPTUSDT","Cross","Long","0.25260000","0.24490000","397.00000000","397.00000000","-3.05690000","2025-08-23 20:38:29.271","2025-08-23 21:07:26.689","Closed"
"SAPIENUSDT","Cross","Long","0.26904000","0.25811700","372.00000000","372.00000000","-4.06343000","2025-08-23 20:34:12.212","2025-08-23 21:37:18.062","Closed"
"WLFIUSDT","Cross","Short","0.32540000","0.30200000","308.00000000","308.00000000","7.20720000","2025-08-23 19:32:56.768","2025-08-23 20:40:16.466","Closed"
"PROMPTUSDT","Cross","Short","0.26270000","0.25040000","379.00000000","379.00000000","4.66170000","2025-08-23 19:26:12.797","2025-08-23 20:38:06.721","Closed"
"SAPIENUSDT","Cross","Long","0.26001000","0.26791100","384.00000000","384.00000000","3.03386000","2025-08-23 19:17:50.083","2025-08-23 20:33:05.549","Closed"
"WLFIUSDT","Cross","Long","0.33750000","0.32716100","296.00000000","296.00000000","-3.06020000","2025-08-23 19:14:37.536","2025-08-23 19:32:08.104","Closed"
"PROMPTUSDT","Cross","Long","0.28030000","0.27180000","357.00000000","357.00000000","-3.03450000","2025-08-23 18:56:49.669","2025-08-23 19:25:06.358","Closed"
"WLFIUSDT","Cross","Short","0.32460000","0.33641300","307.00000000","307.00000000","-3.62670000","2025-08-23 18:56:41.434","2025-08-23 19:14:10.388","Closed"
"WLFIUSDT","Cross","Long","0.33467900","0.32470000","299.00000000","299.00000000","-2.98380000","2025-08-23 18:54:29.873","2025-08-23 18:55:46.039","Closed"
"XPLUSDT","Cross","Long","0.49796100","0.51090000","201.00000000","201.00000000","2.60079999","2025-08-23 18:43:55.779","2025-08-23 22:02:32.044","Closed"
"XNYUSDT","Cross","Long","0.00678200","0.00658100","14773.00000000","14773.00000000","-2.97142599","2025-08-23 18:41:51.656","2025-08-23 22:01:11.788","Closed"
"FHEUSDT","Cross","Short","0.08171100","0.08064700","3480.00000000","25302.00000000","26.92014962","2025-08-23 18:35:50.148","2025-08-23 21:06:16.361","Closed"
"FHEUSDT","Cross","Short","0.08509000","0.08335000","1179.00000000","1179.00000000","2.05146000","2025-08-23 18:33:26.021","2025-08-23 18:47:13.076","Closed"
"PROMPTUSDT","Cross","Short","0.27800000","0.27920000","360.00000000","360.00000000","-0.43200000","2025-08-23 18:32:14.984","2025-08-23 18:55:34.883","Closed"
"FHEUSDT","Cross","Short","0.08323900","0.08407200","8483.00000000","10308.00000000","-8.58801998","2025-08-23 18:28:25.678","2025-08-23 18:32:15.380","Closed"
"FHEUSDT","Cross","Short","0.08203000","0.08448000","1222.00000000","1222.00000000","-2.99399000","2025-08-23 18:24:47.647","2025-08-23 18:32:15.386","Closed"
"FHEUSDT","Cross","Short","0.08207000","0.08208400","1220.00000000","1220.00000000","-0.01695999","2025-08-23 18:20:27.924","2025-08-23 18:24:02.487","Closed"
"FHEUSDT","Cross","Long","0.08350000","0.08095200","1190.00000000","1190.00000000","-3.03182000","2025-08-23 18:18:14.245","2025-08-23 18:19:31.680","Closed"
"WLFIUSDT","Cross","Short","0.35680000","0.33590000","280.00000000","280.00000000","5.85200000","2025-08-23 18:15:57.842","2025-08-23 18:53:56.612","Closed"
"FHEUSDT","Cross","Short","0.08192000","0.08438000","1223.00000000","1223.00000000","-3.00858000","2025-08-23 18:13:43.513","2025-08-23 18:17:09.112","Closed"
"PROMPTUSDT","Cross","Short","0.27420000","0.28199000","366.00000000","366.00000000","-2.85100000","2025-08-23 18:12:33.153","2025-08-23 18:31:37.068","Closed"
"PROMPTUSDT","Cross","Short","0.28330000","0.27280000","353.00000000","353.00000000","3.70650000","2025-08-23 18:08:15.515","2025-08-23 18:11:24.142","Closed"
"FHEUSDT","Cross","Long","0.08450000","0.08136000","1182.00000000","1182.00000000","-3.71148000","2025-08-23 18:08:08.510","2025-08-23 18:13:10.586","Closed"
"XPLUSDT","Cross","Long","0.49592300","0.49990000","202.00000000","202.00000000","0.80340000","2025-08-23 18:06:58.550","2025-08-23 18:42:59.038","Closed"
"XNYUSDT","Cross","Long","0.00668700","0.00687700","14945.00000000","14945.00000000","2.83766000","2025-08-23 18:06:50.870","2025-08-23 18:39:21.769","Closed"
"SAPIENUSDT","Cross","Long","0.26822000","0.26006000","372.00000000","372.00000000","-3.03552000","2025-08-23 18:05:40.320","2025-08-23 19:16:50.465","Closed"
"FHEUSDT","Cross","Short","0.08497700","0.08760000","1138.00000000","1138.00000000","-2.98467000","2025-08-23 18:05:32.740","2025-08-23 18:07:02.803","Closed"
"PROMPTUSDT","Cross","Long","0.28670000","0.27800000","350.00000000","350.00000000","-3.04500000","2025-08-23 18:04:23.211","2025-08-23 18:06:56.069","Closed"
"FHEUSDT","Cross","Long","0.08971000","0.08691000","1106.00000000","1106.00000000","-3.09680000","2025-08-23 18:04:14.712","2025-08-23 18:05:23.361","Closed"
"PROMPTUSDT","Cross","Short","0.28380000","0.29200000","354.00000000","354.00000000","-2.90280000","2025-08-23 18:03:00.025","2025-08-23 18:03:31.637","Closed"
"FHEUSDT","Cross","Short","0.08807600","0.09077900","1138.00000000","1138.00000000","-3.07675999","2025-08-23 18:02:51.120","2025-08-23 18:03:27.133","Closed"
"FHEUSDT","Cross","Long","0.09030000","0.08740200","1113.00000000","1113.00000000","-3.22498000","2025-08-23 18:01:40.426","2025-08-23 18:02:13.924","Closed"
"PROMPTUSDT","Cross","Short","0.28690000","0.28560000","353.00000000","353.00000000","0.45890000","2025-08-23 18:00:29.980","2025-08-23 18:01:56.589","Closed"
"FHEUSDT","Cross","Long","0.08909300","0.08946000","1125.00000000","1125.00000000","0.41337000","2025-08-23 17:59:18.231","2025-08-23 18:01:03.424","Closed"
"WLFIUSDT","Cross","Long","0.35700000","0.35710000","280.00000000","280.00000000","0.02800000","2025-08-23 17:53:54.429","2025-08-23 18:15:35.035","Closed"
"PROMPTUSDT","Cross","Short","0.27760000","0.27660000","361.00000000","361.00000000","0.36100000","2025-08-23 17:52:44.060","2025-08-23 18:00:03.055","Closed"
"FHEUSDT","Cross","Long","0.08634500","0.08906800","1157.00000000","1157.00000000","3.15108998","2025-08-23 17:52:35.435","2025-08-23 17:59:01.870","Closed"
"PROMPTUSDT","Cross","Short","0.27140000","0.27130000","374.00000000","374.00000000","0.03739999","2025-08-23 17:48:13.974","2025-08-23 17:52:04.185","Closed"
"FHEUSDT","Cross","Long","0.08300000","0.08301000","1201.00000000","1201.00000000","0.01200999","2025-08-23 17:48:07.038","2025-08-23 17:51:32.977","Closed"
"PROMPTUSDT","Cross","Long","0.26550000","0.26540000","377.00000000","377.00000000","-0.03770000","2025-08-23 17:45:54.148","2025-08-23 17:47:36.258","Closed"
"FHEUSDT","Cross","Short","0.08078300","0.08336000","1243.00000000","1243.00000000","-3.20275999","2025-08-23 17:44:45.016","2025-08-23 17:47:54.961","Closed"
"XPLUSDT","Cross","Long","0.48560000","0.49880000","205.00000000","205.00000000","2.70600000","2025-08-23 17:37:17.150","2025-08-23 18:06:28.250","Closed"
"FHEUSDT","Cross","Short","0.08296000","0.08005400","1213.00000000","1213.00000000","3.52445000","2025-08-23 17:37:10.406","2025-08-23 17:43:54.050","Closed"
"WLFIUSDT","Cross","Short","0.36030000","0.35710000","277.00000000","277.00000000","0.88640000","2025-08-23 17:36:00.916","2025-08-23 17:52:28.034","Closed"
"SAPIENUSDT","Cross","Long","0.26146000","0.26951200","382.00000000","382.00000000","3.07572000","2025-08-23 17:31:41.580","2025-08-23 18:05:10.949","Closed"
"FHEUSDT","Cross","Short","0.08787800","0.07926600","1135.00000000","1135.00000000","9.77389998","2025-08-23 17:31:33.117","2025-08-23 17:36:06.098","Closed"
"FHEUSDT","Cross","Short","0.09160000","0.08734500","1115.00000000","1115.00000000","4.74475000","2025-08-23 17:26:11.414","2025-08-23 17:30:56.052","Closed"
"FHEUSDT","Cross","Long","0.09052600","0.08737000","1106.00000000","1106.00000000","-3.49004000","2025-08-23 17:23:55.625","2025-08-23 17:25:11.689","Closed"
"MEMEUSDT","Cross","Short","0.00359200","0.00358200","27840.00000000","27840.00000000","0.27840000","2025-08-23 17:22:43.952","2025-08-24 01:51:13.243","Closed"
"FHEUSDT","Cross","Short","0.08836000","0.09101000","1139.00000000","1139.00000000","-3.01793000","2025-08-23 17:22:37.116","2025-08-23 17:23:38.122","Closed"
"FHEUSDT","Cross","Short","0.09262500","0.08770200","1097.00000000","1097.00000000","5.40106999","2025-08-23 17:21:26.537","2025-08-23 17:21:43.321","Closed"
"XNYUSDT","Cross","Long","0.00645400","0.00670900","15497.00000000","15497.00000000","3.95173500","2025-08-23 17:19:12.951","2025-08-23 18:06:24.244","Closed"
"SAPIENUSDT","Cross","Short","0.26159000","0.26160000","383.00000000","383.00000000","-0.00383000","2025-08-23 17:18:02.779","2025-08-23 17:31:21.452","Closed"
"FHEUSDT","Cross","Short","0.11405400","0.09870000","879.00000000","879.00000000","13.49621000","2025-08-23 17:15:58.054","2025-08-23 17:20:54.034","Closed"
"1000PEPEUSDT","Cross","Short","0.01126500","0.01128100","2218.00000000","2218.00000000","-0.03460080","2025-08-23 17:14:00.433","2025-08-23 17:15:50.366","Closed"
"MYXUSDT","Cross","Short","1.04460000","1.04070000","24.00000000","24.00000000","0.09360000","2025-08-23 17:13:50.811","2025-08-23 17:17:54.400","Closed"
"API3USDT","Cross","Short","1.46520000","1.46580000","17.10000000","17.10000000","-0.01026000","2025-08-23 17:13:41.945","2025-08-23 17:15:47.028","Closed"
"PROMPTUSDT","Cross","Long","0.24540000","0.25660000","1118.00000000","1118.00000000","12.52160000","2025-08-23 17:08:54.348","2025-08-23 17:42:04.067","Closed"
"XNYUSDT","Cross","Long","0.00639600","0.00644600","15696.00000000","15696.00000000","0.78480000","2025-08-23 17:04:07.552","2025-08-23 17:18:06.202","Closed"
"FHEUSDT","Cross","Long","0.11614800","0.11258800","862.00000000","862.00000000","-3.06894999","2025-08-23 17:03:58.944","2025-08-23 17:10:57.035","Closed"
"XPLUSDT","Cross","Short","0.50830000","0.48830100","197.00000000","197.00000000","3.93990000","2025-08-23 17:02:45.887","2025-08-23 17:35:56.292","Closed"
"FHEUSDT","Cross","Long","0.11672300","0.11320000","859.00000000","859.00000000","-3.02616000","2025-08-23 16:56:37.789","2025-08-23 17:02:25.008","Closed"
"XNYUSDT","Cross","Long","0.00658600","0.00638700","15161.00000000","15161.00000000","-3.01703900","2025-08-23 16:50:21.033","2025-08-23 17:02:53.065","Closed"
"FHEUSDT","Cross","Short","0.11138000","0.11479000","908.00000000","908.00000000","-3.09628000","2025-08-23 16:48:05.730","2025-08-23 16:54:43.785","Closed"
"FORTHUSDT","Cross","Long","3.16443500","3.30200000","31.70000000","31.70000000","4.36079999","2025-08-23 16:40:16.830","2025-08-23 20:54:10.059","Closed"
"SAPIENUSDT","Cross","Long","0.25701000","0.26057500","389.00000000","389.00000000","1.38694000","2025-08-23 16:40:08.613","2025-08-23 17:17:43.446","Closed"
"XPLUSDT","Cross","Long","0.50730000","0.50724000","197.00000000","197.00000000","-0.01190001","2025-08-23 16:40:02.940","2025-08-23 17:02:15.282","Closed"
"XNYUSDT","Cross","Long","0.00680500","0.00660000","14686.00000000","14686.00000000","-3.01063000","2025-08-23 16:39:55.506","2025-08-23 16:43:37.233","Closed"
"MEMEUSDT","Cross","Long","0.00357200","0.00357900","27964.00000000","27964.00000000","0.19574800","2025-08-23 16:39:49.724","2025-08-23 17:22:14.485","Closed"
"WLFIUSDT","Cross","Short","0.38180000","0.36250000","261.00000000","261.00000000","5.03730000","2025-08-23 16:39:38.515","2025-08-23 17:35:26.494","Closed"
"FHEUSDT","Cross","Short","0.11029000","0.11021500","906.00000000","906.00000000","0.06837000","2025-08-23 16:39:29.643","2025-08-23 16:47:53.823","Closed"
"FHEUSDT","Cross","Long","0.10813000","0.10879000","462.00000000","462.00000000","0.30492000","2025-08-23 16:25:44.423","2025-08-23 16:27:12.630","Closed"
"FHEUSDT","Cross","Long","0.11324000","0.11095000","886.00000000","886.00000000","-2.02894000","2025-08-23 16:21:07.175","2025-08-23 16:23:12.159","Closed"
"FHEUSDT","Cross","Short","0.11075800","0.11282000","903.00000000","903.00000000","-1.86218999","2025-08-23 16:18:04.674","2025-08-23 16:19:04.887","Closed"
"PROMPTUSDT","Cross","Long","0.23066800","0.23920000","890.00000000","890.00000000","7.59349999","2025-08-23 16:01:09.836","2025-08-23 16:49:24.055","Closed"
"PROMPTUSDT","Cross","Long","0.23530000","0.24100000","423.00000000","423.00000000","2.41110000","2025-08-23 16:00:37.771","2025-08-23 16:01:03.055","Closed"
"PROMPTUSDT","Cross","Short","0.21760000","0.26500000","459.00000000","459.00000000","-21.75660000","2025-08-23 15:50:28.500","2025-08-23 17:45:40.258","Closed"
"PROMPTUSDT","Cross","Short","0.22360000","0.21560000","447.00000000","447.00000000","3.57600000","2025-08-23 15:48:00.426","2025-08-23 15:50:06.051","Closed"
"PROMPTUSDT","Cross","Long","0.22710000","0.23270000","441.00000000","441.00000000","2.46960000","2025-08-23 15:46:04.373","2025-08-23 16:00:14.179","Closed"
"PROMPTUSDT","Cross","Long","0.22220000","0.22630000","606.00000000","606.00000000","2.48460000","2025-08-23 15:44:56.251","2025-08-23 15:45:43.058","Closed"
"PROMPTUSDT","Cross","Long","0.20643500","0.21888900","3204.00000000","3204.00000000","39.89949998","2025-08-23 15:16:16.291","2025-08-23 15:43:11.065","Closed"
"XNYUSDT","Cross","Long","0.00615400","0.00605000","24378.00000000","24378.00000000","-2.54132300","2025-08-23 14:28:07.768","2025-08-23 14:31:14.080","Closed"
"XNYUSDT","Cross","Short","0.00595800","0.00614100","20151.00000000","20151.00000000","-3.68940500","2025-08-23 14:08:51.347","2025-08-23 14:22:28.062","Closed"
"1000PEPEUSDT","Cross","Long","0.01127800","0.01127200","2216.00000000","2216.00000000","-0.01373920","2025-08-23 13:44:35.523","2025-08-23 17:13:28.560","Closed"
"API3USDT","Cross","Long","1.50240000","1.46530000","16.70000000","16.70000000","-0.61957000","2025-08-23 13:44:18.614","2025-08-23 17:13:32.194","Closed"
"PROMPTUSDT","Cross","Short","0.18720000","0.21210000","1531.00000000","1531.00000000","-38.12190000","2025-08-23 13:40:15.970","2025-08-23 15:15:39.065","Closed"
"MYXUSDT","Cross","Short","1.06490000","1.04000000","23.00000000","23.00000000","0.57270000","2025-08-23 13:33:41.848","2025-08-23 15:47:37.245","Closed"
"WLFIUSDT","Cross","Short","0.38770000","0.37890000","257.00000000","257.00000000","2.26160000","2025-08-23 13:32:09.232","2025-08-23 13:40:16.051","Closed"
"1000PEPEUSDT","Cross","Long","0.01127200","0.01125300","2217.00000000","2217.00000000","-0.04190130","2025-08-23 13:20:16.118","2025-08-23 13:41:42.783","Closed"
"API3USDT","Cross","Long","1.51550000","1.49930000","16.50000000","16.50000000","-0.26730000","2025-08-23 13:19:47.404","2025-08-23 13:41:48.736","Closed"
"1000PEPEUSDT","Cross","Long","0.01130500","0.01127600","2213.00000000","2213.00000000","-0.06439830","2025-08-23 13:16:05.097","2025-08-23 13:19:32.181","Closed"
"MYXUSDT","Cross","Long","1.07290000","1.07420000","23.00000000","23.00000000","0.02990000","2025-08-23 13:15:50.987","2025-08-23 13:19:37.060","Closed"
"API3USDT","Cross","Long","1.49280000","1.51400000","16.80000000","16.80000000","0.35616000","2025-08-23 13:15:39.719","2025-08-23 13:19:33.956","Closed"
"PROMPTUSDT","Cross","Long","0.19430000","0.19850000","514.00000000","514.00000000","2.15880000","2025-08-23 13:04:27.946","2025-08-23 14:17:04.047","Closed"
"WLFIUSDT","Cross","Long","0.38730000","0.38670000","258.00000000","258.00000000","-0.15480000","2025-08-23 13:02:53.075","2025-08-23 13:21:44.046","Closed"
"FHEUSDT","Cross","Long","0.12988400","0.12950300","696.00000000","696.00000000","-0.26508998","2025-08-23 13:01:41.975","2025-08-23 13:46:31.071","Closed"
"ETHUSDT","Cross","Short","4718.52000000","4709.21000000","0.23100000","0.23100000","2.15061000","2025-08-23 09:20:05.137","2025-08-23 13:01:28.023","Closed"
"DOGEUSDT","Cross","Long","0.23752562","0.23657000","3285.00000000","3285.00000000","-3.13883999","2025-08-22 18:01:56.543","2025-08-23 17:47:33.647","Closed"
"1000PEPEUSDT","Cross","Long","0.01130000","0.01129000","2214.00000000","2214.00000000","-0.02258280","2025-08-22 17:58:14.478","2025-08-23 13:15:27.605","Closed"
"MYXUSDT","Cross","Long","1.08660000","1.06062600","23.00000000","23.00000000","-0.59740000","2025-08-22 17:58:08.547","2025-08-23 02:35:30.072","Closed"
"API3USDT","Cross","Short","1.50816386","1.48990000","16.60000000","16.60000000","0.30318000","2025-08-22 17:58:03.869","2025-08-23 13:15:28.846","Closed"
"API3USDT","Cross","Short","1.50910000","1.50770000","16.60000000","16.60000000","0.02324000","2025-08-22 17:55:03.752","2025-08-22 17:57:59.664","Closed"
"MYXUSDT","Cross","Short","1.08592600","1.08700000","23.00000000","23.00000000","-0.02469999","2025-08-22 17:40:58.978","2025-08-22 17:58:00.445","Closed"
"API3USDT","Cross","Long","1.51010000","1.50690000","16.60000000","16.60000000","-0.05312000","2025-08-22 17:40:54.675","2025-08-22 17:43:02.218","Closed"
"API3USDT","Cross","Short","1.50980000","1.51010000","16.60000000","16.60000000","-0.00498000","2025-08-22 17:38:54.093","2025-08-22 17:40:51.413","Closed"
"API3USDT","Cross","Long","1.51020000","1.50980000","16.60000000","16.60000000","-0.00664000","2025-08-22 17:35:07.514","2025-08-22 17:38:50.772","Closed"
"API3USDT","Cross","Short","1.50410000","1.50970000","16.60000000","16.60000000","-0.09296000","2025-08-22 17:33:22.725","2025-08-22 17:35:02.255","Closed"
"API3USDT","Cross","Short","1.50760000","1.50440000","16.60000000","16.60000000","0.05312000","2025-08-22 17:31:20.786","2025-08-22 17:33:17.999","Closed"
"BOMEUSDT","Cross","Long","0.00193900","0.00230900","12893.00000000","12893.00000000","4.77041000","2025-08-22 17:20:50.099","2025-08-23 17:48:13.548","Closed"
"API3USDT","Cross","Long","1.51650000","1.51220000","16.50000000","16.50000000","-0.07095000","2025-08-22 17:20:46.093","2025-08-22 17:22:53.326","Closed"
"API3USDT","Cross","Long","1.51340000","1.51620000","16.50000000","16.50000000","0.04620000","2025-08-22 17:16:43.344","2025-08-22 17:20:42.884","Closed"
"MYXUSDT","Cross","Long","1.08540000","1.08450000","23.00000000","23.00000000","-0.02070000","2025-08-22 17:12:26.229","2025-08-22 17:39:52.960","Closed"
"1000PEPEUSDT","Cross","Long","0.01117300","0.01128600","2238.00000000","2238.00000000","0.25244640","2025-08-22 17:04:05.302","2025-08-22 17:57:58.825","Closed"
"1000PEPEUSDT","Cross","Long","0.01106600","0.01117900","2259.00000000","2259.00000000","0.25662240","2025-08-22 16:51:55.085","2025-08-22 17:02:38.455","Closed"
"BOMEUSDT","Cross","Long","0.00192300","0.00191400","13014.00000000","13014.00000000","-0.11712600","2025-08-22 16:46:03.503","2025-08-22 16:48:58.626","Closed"
"MYXUSDT","Cross","Short","1.07770000","1.08573000","23.00000000","23.00000000","-0.18470000","2025-08-22 16:32:38.101","2025-08-22 17:12:21.986","Closed"
"BOMEUSDT","Cross","Long","0.00192300","0.00191900","13007.00000000","13007.00000000","-0.05202800","2025-08-22 16:28:25.004","2025-08-22 16:44:23.891","Closed"
"BOMEUSDT","Cross","Short","0.00192500","0.00191600","13001.00000000","13001.00000000","0.11700900","2025-08-22 16:09:59.173","2025-08-22 16:26:34.496","Closed"
"BOMEUSDT","Cross","Short","0.00189300","0.00192600","13214.00000000","13214.00000000","-0.43606200","2025-08-22 16:01:45.517","2025-08-22 16:09:44.857","Closed"
"MYXUSDT","Cross","Long","1.10170000","1.07640000","23.00000000","23.00000000","-0.58190000","2025-08-22 15:59:44.578","2025-08-22 16:31:19.213","Closed"
"MYXUSDT","Cross","Long","1.10069100","1.10000000","23.00000000","23.00000000","-0.01590000","2025-08-22 15:57:46.237","2025-08-22 15:59:36.354","Closed"
"MYXUSDT","Cross","Long","1.10580000","1.09870000","23.00000000","23.00000000","-0.16330000","2025-08-22 15:52:00.453","2025-08-22 15:56:53.392","Closed"
"MYXUSDT","Cross","Long","1.09249600","1.10510000","23.00000000","23.00000000","0.28989999","2025-08-22 15:39:30.687","2025-08-22 15:51:18.926","Closed"
"API3USDT","Cross","Long","1.50750000","1.51330000","16.60000000","16.60000000","0.09628000","2025-08-22 15:39:25.351","2025-08-22 17:16:40.137","Closed"
"MYXUSDT","Cross","Long","1.09410000","1.09990000","23.00000000","23.00000000","0.13340000","2025-08-22 15:33:22.051","2025-08-22 15:38:41.556","Closed"
"MYXUSDT","Cross","Long","1.09390000","1.09050000","23.00000000","23.00000000","-0.07820000","2025-08-22 15:32:12.690","2025-08-22 15:32:51.349","Closed"
"MYXUSDT","Cross","Long","1.09480000","1.09460000","23.00000000","23.00000000","-0.00460000","2025-08-22 15:27:50.439","2025-08-22 15:31:16.569","Closed"
"BOMEUSDT","Cross","Long","0.00188300","0.00187200","13284.00000000","13284.00000000","-0.14612400","2025-08-22 15:26:44.108","2025-08-22 15:59:51.987","Closed"
"1000PEPEUSDT","Cross","Long","0.01089900","0.01108900","2294.00000000","2294.00000000","0.43517180","2025-08-22 15:26:40.331","2025-08-22 16:50:30.166","Closed"
"BOMEUSDT","Cross","Long","0.00188500","0.00188400","13277.00000000","13277.00000000","-0.01327700","2025-08-22 15:23:29.677","2025-08-22 15:26:11.438","Closed"
"MYXUSDT","Cross","Long","1.07800000","1.09310000","23.00000000","23.00000000","0.34730000","2025-08-22 15:15:39.806","2025-08-22 15:27:20.983","Closed"
"BOMEUSDT","Cross","Long","0.00186400","0.00188500","13419.00000000","13419.00000000","0.28179900","2025-08-22 15:14:53.810","2025-08-22 15:23:24.796","Closed"
"1000PEPEUSDT","Cross","Long","0.01083400","0.01089500","2305.00000000","2305.00000000","0.13945250","2025-08-22 15:14:48.883","2025-08-22 15:25:57.330","Closed"
"MYXUSDT","Cross","Long","1.08340000","1.07790000","23.00000000","23.00000000","-0.12650000","2025-08-22 15:14:43.151","2025-08-22 15:15:27.512","Closed"
"API3USDT","Cross","Long","1.50910000","1.50650000","16.60000000","16.60000000","-0.04316000","2025-08-22 15:14:36.025","2025-08-22 15:38:48.393","Closed"
"BIOUSDT","Cross","Long","0.23343000","0.23477000","642.00000000","642.00000000","0.86028000","2025-08-22 15:08:13.780","2025-08-22 15:25:29.272","Closed"
"BIOUSDT","Cross","Long","0.23301000","0.23785000","832.00000000","832.00000000","4.02688000","2025-08-22 14:32:43.328","2025-08-22 15:02:41.064","Closed"
"BIOUSDT","Cross","Short","0.24274638","0.25119500","2021.00000000","2021.00000000","-17.07418999","2025-08-22 14:26:42.448","2025-08-23 17:20:23.055","Closed"
"BIOUSDT","Cross","Short","0.24274600","0.25810000","2021.00000000","1515.00000000","-23.26073727","2025-08-22 14:26:42.448",,"Partially Closed"
"BIOUSDT","Cross","Long","0.23099500","0.23771000","809.00000000","809.00000000","5.43272000","2025-08-22 14:25:49.881","2025-08-22 14:32:09.119","Closed"
"BIOUSDT","Cross","Short","0.22902000","0.23347200","513.00000000","513.00000000","-2.28370000","2025-08-22 14:23:37.345","2025-08-22 14:24:52.077","Closed"
"BIOUSDT","Cross","Long","0.23085000","0.22662000","433.00000000","433.00000000","-1.83159000","2025-08-22 14:22:01.660","2025-08-22 14:23:04.284","Closed"
"ETHUSDT","Cross","Long","4292.87000000","4695.00000000","0.25600000","0.25600000","102.94528000","2025-08-22 10:51:41.268","2025-08-23 02:32:29.062","Closed"
"API3USDT","Cross","Long","1.55100000","1.50340000","241.50000000","241.50000000","-11.49540000","2025-08-22 07:10:56.638","2025-08-22 10:48:15.807","Closed"
"ETHUSDT","Cross","Long","4298.00000000","4320.02000000","0.26700000","0.26700000","5.87934000","2025-08-22 02:31:47.449","2025-08-22 09:05:00.108","Closed"
"ETHUSDT","Cross","Long","4251.33000000","4301.02000000","0.22200000","0.22200000","11.03118000","2025-08-21 22:57:10.063","2025-08-22 02:23:54.364","Closed"
"API3USDT","Cross","Short","1.58034800","1.58060000","237.30000000","237.30000000","-0.05973999","2025-08-21 18:33:15.296","2025-08-21 22:40:08.642","Closed"
"BOMEUSDT","Cross","Short","0.00179900","0.00179900","208333.00000000","208333.00000000","0E-8","2025-08-21 18:22:45.496","2025-08-21 22:42:34.085","Closed"
"BOMEUSDT","Cross","Long","0.00180000","0.00179800","208218.00000000","208218.00000000","-0.41643600","2025-08-21 18:22:39.522","2025-08-21 22:42:38.268","Closed"
"1000PEPEUSDT","Cross","Short","0.01038500","0.01039300","36119.00000000","36119.00000000","-0.30701149","2025-08-21 18:22:25.239","2025-08-21 22:42:15.364","Closed"
"1000PEPEUSDT","Cross","Long","0.01038330","0.01041300","36134.00000000","36134.00000000","1.06956640","2025-08-21 18:22:14.339","2025-08-22 03:19:09.060","Closed"
"MYXUSDT","Cross","Long","1.04040000","1.12330000","241.00000000","241.00000000","19.97890000","2025-08-21 18:22:06.850","2025-08-21 23:20:48.053","Closed"
"API3USDT","Cross","Short","1.55910000","1.57960000","240.50000000","240.50000000","-4.93025000","2025-08-21 18:21:59.512","2025-08-21 18:31:59.094","Closed"
"API3USDT","Cross","Long","1.55960000","1.57620000","240.70000000","240.70000000","3.99562000","2025-08-21 18:21:48.451","2025-08-21 22:41:45.101","Closed"
"MYXUSDT","Cross","Short","1.04776300","1.07910000","239.00000000","239.00000000","-7.48949999","2025-08-21 18:00:46.868","2025-08-21 20:33:09.066","Closed"
"VINEUSDT","Cross","Short","0.05986000","0.06117000","2591.00000000","2591.00000000","-3.39421000","2025-08-21 17:10:00.778","2025-08-21 18:43:18.975","Closed"
"MUSDT","Cross","Short","0.47850000","0.47450000","233.00000000","233.00000000","0.93200000","2025-08-21 16:46:48.998","2025-08-21 17:05:34.384","Closed"
"MUSDT","Cross","Long","0.47870000","0.48130000","240.00000000","240.00000000","0.62400000","2025-08-21 16:46:45.551","2025-08-21 16:52:22.622","Closed"
"EPICUSDT","Cross","Short","2.72960000","2.71403000","36.60000000","36.60000000","0.56988000","2025-08-21 16:36:05.665","2025-08-21 17:54:06.616","Closed"
"EPICUSDT","Cross","Long","2.72600000","2.76470000","36.60000000","36.60000000","1.41642000","2025-08-21 16:36:02.443","2025-08-21 17:00:48.792","Closed"
"VINEUSDT","Cross","Short","0.06100200","0.06041000","1638.00000000","1638.00000000","0.97014998","2025-08-21 16:35:37.955","2025-08-21 17:03:25.972","Closed"
"VINEUSDT","Cross","Long","0.06110000","0.06116000","1636.00000000","1636.00000000","0.09815999","2025-08-21 16:35:34.358","2025-08-21 18:43:18.565","Closed"
"MYXUSDT","Cross","Short","1.01090400","1.04130000","248.00000000","248.00000000","-7.53820000","2025-08-21 16:17:19.795","2025-08-21 17:44:02.448","Closed"
"API3USDT","Cross","Long","1.56040000","1.55760000","240.30000000","240.30000000","-0.67284000","2025-08-21 16:08:08.134","2025-08-21 18:21:35.568","Closed"
"1000PEPEUSDT","Cross","Short","0.01023000","0.01037900","36629.00000000","36629.00000000","-5.46138390","2025-08-21 15:57:25.845","2025-08-21 18:21:32.291","Closed"
"API3USDT","Cross","Long","1.53670900","1.55823900","244.20000000","244.20000000","5.25746996","2025-08-21 15:57:16.272","2025-08-21 16:07:37.137","Closed"
"BOMEUSDT","Cross","Short","0.00178400","0.00180100","210084.00000000","210084.00000000","-3.57142800","2025-08-21 15:56:01.957","2025-08-21 18:21:26.149","Closed"
"1000PEPEUSDT","Cross","Short","0.01023500","0.01023300","36638.00000000","36638.00000000","0.05862080","2025-08-21 15:55:55.353","2025-08-21 15:56:15.907","Closed"
"API3USDT","Cross","Long","1.53830000","1.53770000","243.80000000","243.80000000","-0.14627998","2025-08-21 15:55:48.911","2025-08-21 15:56:31.959","Closed"
"API3USDT","Cross","Short","1.53355300","1.55820000","244.60000000","244.60000000","-6.02858000","2025-08-21 15:47:46.032","2025-08-21 18:21:38.626","Closed"
"API3USDT","Cross","Long","1.52056600","1.53680000","245.40000000","245.40000000","3.98378999","2025-08-21 15:44:24.325","2025-08-21 15:54:45.842","Closed"
"BOMEUSDT","Cross","Short","0.00180300","0.00178500","207987.00000000","207987.00000000","3.74376600","2025-08-21 15:42:56.011","2025-08-21 15:54:59.178","Closed"
"BOMEUSDT","Cross","Long","0.00180400","0.00180000","208102.00000000","208102.00000000","-0.83240800","2025-08-21 15:42:49.546","2025-08-21 18:21:23.828","Closed"
"1000PEPEUSDT","Cross","Short","0.01029400","0.01023600","36437.00000000","36437.00000000","2.12072160","2025-08-21 15:42:43.675","2025-08-21 15:55:03.370","Closed"
"1000PEPEUSDT","Cross","Long","0.01029200","0.01038200","36432.00000000","36432.00000000","3.26795040","2025-08-21 15:42:38.096","2025-08-21 18:21:28.241","Closed"
"MYXUSDT","Cross","Short","1.02564500","1.01230000","244.00000000","244.00000000","3.25609998","2025-08-21 15:42:34.771","2025-08-21 16:15:20.602","Closed"
"MYXUSDT","Cross","Long","1.02620700","1.04260000","244.00000000","244.00000000","3.99980000","2025-08-21 15:42:29.687","2025-08-21 18:08:29.348","Closed"
"API3USDT","Cross","Short","1.57291400","1.52660000","238.30000000","238.30000000","11.03669999","2025-08-21 15:42:25.155","2025-08-21 15:46:48.366","Closed"
"API3USDT","Cross","Long","1.57340000","1.52640000","238.20000000","238.20000000","-11.19540000","2025-08-21 15:42:18.284","2025-08-21 15:44:14.295","Closed"
"BOMEUSDT","Cross","Short","0.00179900","0.00180300","83426.00000000","83426.00000000","-0.33370400","2025-08-21 15:30:55.636","2025-08-21 15:42:07.277","Closed"
"BOMEUSDT","Cross","Long","0.00180000","0.00180200","83333.00000000","83333.00000000","0.16666600","2025-08-21 15:30:49.551","2025-08-21 15:42:07.277","Closed"
"1000PEPEUSDT","Cross","Short","0.01024300","0.01029000","14635.00000000","14635.00000000","-0.70086879","2025-08-21 15:30:42.261","2025-08-21 15:42:07.277","Closed"
"1000PEPEUSDT","Cross","Long","0.01025300","0.01029000","14628.00000000","14628.00000000","0.54416160","2025-08-21 15:30:36.041","2025-08-21 15:42:07.277","Closed"
"MYXUSDT","Cross","Short","1.02190000","1.02580000","98.00000000","98.00000000","-0.38220000","2025-08-21 15:30:28.479","2025-08-21 15:42:07.293","Closed"
"MYXUSDT","Cross","Long","1.02190400","1.02570000","98.00000000","98.00000000","0.37199999","2025-08-21 15:30:16.857","2025-08-21 15:42:07.293","Closed"
"API3USDT","Cross","Short","1.57777900","1.57460000","94.90000000","94.90000000","0.30166999","2025-08-21 15:30:08.707","2025-08-21 15:42:07.293","Closed"
"API3USDT","Cross","Long","1.58130000","1.57450000","94.90000000","94.90000000","-0.64532000","2025-08-21 15:25:41.387","2025-08-21 15:42:07.293","Closed"
"BOMEUSDT","Cross","Short","0.00180400","0.00180400","83149.00000000","83149.00000000","0.01583399","2025-08-21 15:09:40.555","2025-08-21 15:29:51.284","Closed"
"BOMEUSDT","Cross","Long","0.00180500","0.00180300","83149.00000000","83149.00000000","-0.16629800","2025-08-21 15:09:35.591","2025-08-21 15:29:49.576","Closed"
"1000PEPEUSDT","Cross","Short","0.01028100","0.01026300","14593.00000000","14593.00000000","0.26851120","2025-08-21 15:09:31.627","2025-08-21 15:29:56.304","Closed"
"1000PEPEUSDT","Cross","Long","0.01027900","0.01026300","14592.00000000","14592.00000000","-0.24222720","2025-08-21 15:09:27.113","2025-08-21 15:29:52.648","Closed"
"MYXUSDT","Cross","Short","1.01828000","1.02220000","98.00000000","98.00000000","-0.38419999","2025-08-21 15:09:22.835","2025-08-21 15:30:01.919","Closed"
"MYXUSDT","Cross","Long","1.01840000","1.02230000","98.00000000","98.00000000","0.38220000","2025-08-21 15:09:18.714","2025-08-21 15:29:59.095","Closed"
"API3USDT","Cross","Short","1.58936600","1.58060000","94.40000000","94.40000000","0.82752000","2025-08-21 15:09:14.825","2025-08-21 15:29:57.817","Closed"
"API3USDT","Cross","Long","1.59560000","1.58180000","93.70000000","93.70000000","-1.29306000","2025-08-21 15:04:52.821","2025-08-21 15:25:36.953","Closed"
"BOMEUSDT","Cross","Short","0.00181000","0.00180700","82965.00000000","82965.00000000","0.24889500","2025-08-21 14:47:09.223","2025-08-21 15:09:04.636","Closed"
"MYXUSDT","Cross","Long","1.02090000","1.02000000","98.00000000","98.00000000","-0.08819999","2025-08-21 14:47:00.656","2025-08-21 15:09:09.573","Closed"
"BOMEUSDT","Cross","Short","0.00183200","0.00181000","163936.00000000","163936.00000000","3.60345598","2025-08-21 14:18:03.950","2025-08-21 14:44:51.092","Closed"
"BOMEUSDT","Cross","Short","0.00182700","0.00183300","82102.00000000","82102.00000000","-0.49261200","2025-08-21 14:13:05.999","2025-08-21 14:17:34.925","Closed"
"BOMEUSDT","Cross","Long","0.00182800","0.00180500","82192.00000000","82192.00000000","-1.89041600","2025-08-21 14:13:00.932","2025-08-21 15:09:03.645","Closed"
"1000PEPEUSDT","Cross","Short","0.01043300","0.01027600","28758.00000000","28758.00000000","4.49489400","2025-08-21 14:12:54.379","2025-08-21 15:09:06.889","Closed"
"1000PEPEUSDT","Cross","Long","0.01042800","0.01027800","43136.00000000","43136.00000000","-6.48189638","2025-08-21 14:12:49.753","2025-08-21 15:09:05.469","Closed"
"API3USDT","Cross","Short","1.58218000","1.59020000","94.60000000","94.60000000","-0.75869999","2025-08-21 14:02:23.778","2025-08-21 15:09:08.294","Closed"
"MYXUSDT","Cross","Short","1.01110000","1.02123100","99.00000000","99.00000000","-1.00300000","2025-08-21 14:01:42.829","2025-08-21 15:09:11.162","Closed"
"MYXUSDT","Cross","Long","1.00970000","1.01490000","99.00000000","99.00000000","0.51480000","2025-08-21 14:01:35.684","2025-08-21 14:39:55.712","Closed"
"API3USDT","Cross","Short","1.59210000","1.58860000","94.30000000","94.30000000","0.33005000","2025-08-21 14:01:30.272","2025-08-21 14:02:00.035","Closed"
"API3USDT","Cross","Long","1.59220000","1.60291100","94.20000000","94.20000000","1.00896000","2025-08-21 14:01:24.381","2025-08-21 15:04:12.171","Closed"
"FILUSDT","Cross","Short","2.41000000","2.40700000","207.50000000","207.50000000","0.62250000","2025-08-21 13:52:27.496","2025-08-21 13:54:47.945","Closed"
"FILUSDT","Cross","Long","2.41100000","2.40600000","207.60000000","207.60000000","-1.03800000","2025-08-21 13:52:21.149","2025-08-21 13:54:47.945","Closed"
"SUSDT","Cross","Short","0.31700000","0.31910000","157.00000000","157.00000000","-0.32970000","2025-08-21 13:40:22.150","2025-08-21 13:51:19.645","Closed"
"FILUSDT","Cross","Short","2.41000000","2.41400000","207.80000000","207.80000000","-0.83120000","2025-08-21 13:33:33.674","2025-08-21 13:51:19.645","Closed"
"FILUSDT","Cross","Long","2.41000000","2.41300000","207.80000000","207.80000000","0.62340000","2025-08-21 13:33:30.208","2025-08-21 13:51:19.645","Closed"
"API3USDT","Cross","Short","1.58140000","1.58970000","63.20000000","63.20000000","-0.52456000","2025-08-21 13:25:15.904","2025-08-21 13:51:19.645","Closed"
"API3USDT","Cross","Short","1.61770000","1.60660000","61.80000000","61.80000000","0.68598000","2025-08-21 13:00:09.957","2025-08-21 13:16:48.869","Closed"
"API3USDT","Cross","Long","1.61920000","1.57040000","61.70000000","61.70000000","-3.01096000","2025-08-21 13:00:06.435","2025-08-21 13:29:39.705","Closed"
"API3USDT","Cross","Long","1.60990000","1.62190000","89.40000000","89.40000000","1.07280000","2025-08-21 12:41:22.753","2025-08-21 12:59:19.613","Closed"
"API3USDT","Cross","Short","1.58354400","1.63110000","122.40000000","122.40000000","-5.82087000","2025-08-21 12:26:34.811","2025-08-21 12:57:06.427","Closed"
"API3USDT","Cross","Short","1.60215600","1.58100000","90.60000000","90.60000000","1.91669999","2025-08-21 12:21:39.041","2025-08-21 12:26:03.664","Closed"
"API3USDT","Cross","Long","1.60120000","1.60320000","93.50000000","93.50000000","0.18700000","2025-08-21 12:21:18.848","2025-08-21 12:33:35.929","Closed"
"API3USDT","Cross","Long","1.60990000","1.60710000","93.00000000","93.00000000","-0.26040000","2025-08-21 12:13:17.745","2025-08-21 12:19:10.080","Closed"
"API3USDT","Cross","Short","1.56820000","1.61190000","14.00000000","14.00000000","-0.61180000","2025-08-21 12:08:53.805","2025-08-21 12:10:20.076","Closed"
"API3USDT","Cross","Long","1.56520000","1.61000000","14.20000000","14.20000000","0.63616000","2025-08-21 12:08:48.389","2025-08-21 12:12:47.188","Closed"
"1000PEPEUSDT","Cross","Short","0.01041800","0.01041700","2305.00000000","2305.00000000","0.00299650","2025-08-21 11:39:07.235","2025-08-21 12:08:36.192","Closed"
"1000PEPEUSDT","Cross","Long","0.01042000","0.01041600","2336.00000000","2336.00000000","-0.00905460","2025-08-21 11:39:01.881","2025-08-21 12:08:36.192","Closed"
"API3USDT","Cross","Long","1.51560000","1.51930000","8.00000000","8.00000000","0.02960000","2025-08-21 11:37:38.691","2025-08-21 11:38:30.711","Closed"
"API3USDT","Cross","Short","1.52450000","1.52040000","7.90000000","7.90000000","0.03239000","2025-08-21 11:29:50.866","2025-08-21 11:36:30.712","Closed"
"API3USDT","Cross","Long","1.52470000","1.51780000","7.90000000","7.90000000","-0.05451000","2025-08-21 11:29:46.145","2025-08-21 11:37:20.315","Closed"
"MYXUSDT","Cross","Long","1.02390000","1.01180000","75.00000000","75.00000000","-0.90750000","2025-08-21 10:46:41.552","2025-08-21 10:56:55.043","Closed"
"SAPIENUSDT","Cross","Short","0.23813000","0.24475000","256.00000000","256.00000000","-1.69472000","2025-08-21 05:51:05.200","2025-08-21 06:23:27.049","Closed"
"MYXUSDT","Cross","Long","0.99070000","1.00840000","52.00000000","52.00000000","0.92040000","2025-08-21 05:09:11.550","2025-08-21 09:29:22.056","Closed"
"ETCUSDT","Cross","Short","21.45549000","21.26200000","1.96000000","1.96000000","0.37923999","2025-08-21 03:40:27.477","2025-08-21 11:05:20.242","Closed"
"MYXUSDT","Cross","Long","0.95909000","0.97980000","49.00000000","49.00000000","1.01479999","2025-08-21 02:38:49.350","2025-08-21 04:46:51.047","Closed"
"MYXUSDT","Cross","Short","0.96579500","0.94960000","56.00000000","56.00000000","0.90689999","2025-08-21 02:35:03.331","2025-08-21 02:38:26.054","Closed"
"MYXUSDT","Cross","Long","0.95858100","0.97500000","83.00000000","83.00000000","1.36279999","2025-08-21 02:29:17.013","2025-08-21 02:32:39.040","Closed"
"ETHUSDT","Cross","Long","4369.21000000","4296.33000000","0.03600000","0.03600000","-2.62368000","2025-08-20 22:55:25.829","2025-08-21 11:05:20.242","Closed"
"API3USDT","Cross","Long","1.35880000","1.57350000","7.40000000","7.40000000","1.58878000","2025-08-20 14:31:19.062","2025-08-21 06:23:15.087","Closed"
"ETCUSDT","Cross","Long","20.79008500","20.98900000","1.06000000","1.06000000","0.21084999","2025-08-20 14:31:11.238","2025-08-20 14:50:42.854","Closed"
"CAKEUSDT","Cross","Short","2.53970000","2.64360000","4.00000000","4.00000000","-0.41560000","2025-08-20 14:21:00.507","2025-08-21 11:05:20.262","Closed"
"TIAUSDT","Cross","Long","1.66060000","1.69250000","6.00000000","6.00000000","0.19140000","2025-08-20 14:20:27.954","2025-08-21 11:05:20.242","Closed"
"PENDLEUSDT","Cross","Short","5.12730000","5.48490000","2.00000000","2.00000000","-0.71520000","2025-08-20 14:17:51.601","2025-08-21 11:05:20.218","Closed"
"1000FLOKIUSDT","Cross","Long","0.09764000","0.10059000","103.00000000","103.00000000","0.30385000","2025-08-20 14:07:54.313","2025-08-21 11:05:20.262","Closed"
"1000SHIBUSDT","Cross","Long","0.01208700","0.01247500","828.00000000","828.00000000","0.32126400","2025-08-20 13:54:39.903","2025-08-21 11:05:20.242","Closed"
"1000PEPEUSDT","Cross","Long","0.01012910","0.01045300","988.00000000","988.00000000","0.31991440","2025-08-20 13:54:36.511","2025-08-21 11:05:20.242","Closed"
"TURBOUSDT","Cross","Long","0.00402980","0.00413100","2481.00000000","2481.00000000","0.25132530","2025-08-20 13:48:28.318","2025-08-21 11:05:20.242","Closed"
"MUBARAKUSDT","Cross","Long","0.03156000","0.03234000","317.00000000","317.00000000","0.24726000","2025-08-20 13:48:25.303","2025-08-21 11:05:20.218","Closed"
"PENDLEUSDT","Cross","Long","5.12630000","5.12550000","2.00000000","2.00000000","-0.00160000","2025-08-20 13:48:20.662","2025-08-20 14:15:17.821","Closed"
"COMPUSDT","Cross","Long","45.26000000","45.62000000","0.22100000","0.22100000","0.07956000","2025-08-20 13:48:16.682","2025-08-21 11:05:20.242","Closed"
"ALGOUSDT","Cross","Long","0.23920000","0.25170000","41.80000000","41.80000000","0.52250000","2025-08-20 13:48:11.710","2025-08-21 11:05:20.262","Closed"
"TAOUSDT","Cross","Long","340.58000000","342.60000000","0.02900000","0.02900000","0.05858000","2025-08-20 13:48:08.172","2025-08-21 11:05:20.242","Closed"
"XRPUSDT","Cross","Long","2.85100000","2.90620000","3.50000000","3.50000000","0.19320000","2025-08-20 13:48:04.349","2025-08-21 11:05:20.262","Closed"
"TRUMPUSDT","Cross","Long","8.67200000","8.63100000","1.15000000","1.15000000","-0.04715000","2025-08-20 13:48:00.582","2025-08-21 11:05:20.242","Closed"
"SUIUSDT","Cross","Long","3.42500000","3.46100000","2.90000000","2.90000000","0.10440000","2025-08-20 13:47:57.510","2025-08-21 11:05:20.242","Closed"
"LDOUSDT","Cross","Long","1.29960000","1.28520000","8.00000000","8.00000000","-0.11520000","2025-08-20 13:47:54.686","2025-08-21 11:05:20.262","Closed"
"CAKEUSDT","Cross","Long","2.55440000","2.53920000","4.00000000","4.00000000","-0.06080000","2025-08-20 13:47:51.356","2025-08-20 14:20:39.887","Closed"
"JUPUSDT","Cross","Long","0.48190000","0.49220000","21.00000000","21.00000000","0.21630000","2025-08-20 13:47:45.980","2025-08-21 11:05:20.242","Closed"
"SOLUSDT","Cross","Long","179.61000000","184.73000000","0.06000000","0.06000000","0.30720000","2025-08-20 13:47:41.156","2025-08-21 11:05:20.242","Closed"
"FETUSDT","Cross","Long","0.65800000","0.67050000","15.00000000","15.00000000","0.18750000","2025-08-20 13:47:36.511","2025-08-21 11:05:20.242","Closed"
"POLUSDT","Cross","Long","0.23350000","0.23898000","43.00000000","43.00000000","0.23564000","2025-08-20 13:47:32.515","2025-08-21 11:05:20.218","Closed"
"SUSHIUSDT","Cross","Long","0.75440000","0.77690000","13.00000000","13.00000000","0.29250000","2025-08-20 13:47:29.277","2025-08-21 11:05:20.218","Closed"
"WIFUSDT","Cross","Long","0.82010000","0.85350000","12.20000000","12.20000000","0.40748000","2025-08-20 13:47:25.134","2025-08-21 11:05:20.262","Closed"
"NEIROUSDT","Cross","Long","0.00035360","0.00036500","28337.00000000","28337.00000000","0.32587550","2025-08-20 13:47:21.767","2025-08-21 11:05:20.242","Closed"
"ENSUSDT","Cross","Long","24.14600000","24.76500000","0.40000000","0.40000000","0.24760000","2025-08-20 13:47:18.514","2025-08-21 11:05:20.218","Closed"
"PNUTUSDT","Cross","Long","0.21053000","0.21853000","47.00000000","47.00000000","0.37600000","2025-08-20 13:47:15.321","2025-08-21 11:05:20.218","Closed"
"ZROUSDT","Cross","Long","1.93020000","1.95170000","5.20000000","5.20000000","0.11180000","2025-08-20 13:47:12.584","2025-08-21 11:05:20.242","Closed"
"TIAUSDT","Cross","Long","1.65400000","1.65870000","6.00000000","6.00000000","0.02820000","2025-08-20 13:47:09.773","2025-08-20 14:20:16.377","Closed"
"ADAUSDT","Cross","Long","0.84640000","0.87310000","12.00000000","12.00000000","0.32040000","2025-08-20 13:47:06.398","2025-08-21 11:05:20.262","Closed"
"APTUSDT","Cross","Long","4.30200000","4.44220000","2.30000000","2.30000000","0.32246000","2025-08-20 13:47:01.648","2025-08-21 11:05:20.242","Closed"
"IOUSDT","Cross","Long","0.61580000","0.61410000","16.20000000","16.20000000","-0.02754000","2025-08-20 13:46:54.955","2025-08-21 11:05:20.242","Closed"
"AIXBTUSDT","Cross","Long","0.10636000","0.11009000","94.00000000","94.00000000","0.35062000","2025-08-20 13:46:51.419","2025-08-21 11:05:20.242","Closed"
"VIRTUALUSDT","Cross","Long","1.16840000","1.20970000","8.60000000","8.60000000","0.35518000","2025-08-20 13:46:48.003","2025-08-21 11:05:20.218","Closed"
"BOMEUSDT","Cross","Long","0.00173500","0.00181200","5757.00000000","5757.00000000","0.44328900","2025-08-20 13:46:41.206","2025-08-21 11:05:20.242","Closed"
"ONDOUSDT","Cross","Long","0.91520000","0.93130000","10.90000000","10.90000000","0.17549000","2025-08-20 13:46:36.694","2025-08-21 11:05:20.218","Closed"
"INJUSDT","Cross","Long","13.25600000","13.62500000","0.80000000","0.80000000","0.29520000","2025-08-20 13:46:33.341","2025-08-21 11:05:20.242","Closed"
"WLDUSDT","Cross","Long","0.91600000","0.94150000","11.00000000","11.00000000","0.28050000","2025-08-20 13:46:30.201","2025-08-21 11:05:20.262","Closed"
"RUNEUSDT","Cross","Long","1.28300000","1.29100000","8.00000000","8.00000000","0.06400000","2025-08-20 13:46:27.422","2025-08-21 11:05:20.242","Closed"
"ETHFIUSDT","Cross","Long","1.06010000","1.08580000","9.40000000","9.40000000","0.24158000","2025-08-20 13:46:24.699","2025-08-21 11:05:20.242","Closed"
"EIGENUSDT","Cross","Long","1.29200000","1.31110000","7.70000000","7.70000000","0.14707000","2025-08-20 13:46:21.847","2025-08-21 11:05:20.242","Closed"
"RENDERUSDT","Cross","Long","3.54700000","3.60300000","2.80000000","2.80000000","0.15680000","2025-08-20 13:46:18.832","2025-08-21 11:05:20.242","Closed"
"ICPUSDT","Cross","Long","5.07200000","5.18800000","2.00000000","2.00000000","0.23200000","2025-08-20 13:46:15.497","2025-08-21 11:05:20.262","Closed"
"ARBUSDT","Cross","Long","0.47790000","0.49790000","21.00000000","21.00000000","0.42000000","2025-08-20 13:46:12.562","2025-08-21 11:05:20.262","Closed"
"ARKMUSDT","Cross","Long","0.50390000","0.51220000","20.00000000","20.00000000","0.16600000","2025-08-20 13:44:46.562","2025-08-21 11:05:20.242","Closed"
"OPUSDT","Cross","Long","0.70140000","0.71890000","14.30000000","14.30000000","0.25025000","2025-08-20 13:44:43.527","2025-08-21 11:05:20.242","Closed"
"VETUSDT","Cross","Long","0.02325400","0.02412100","430.00000000","430.00000000","0.37281000","2025-08-20 13:44:40.374","2025-08-21 11:05:20.262","Closed"
"ORDIUSDT","Cross","Long","8.67200000","8.83100000","1.20000000","1.20000000","0.19080000","2025-08-20 13:44:37.548","2025-08-21 11:05:20.242","Closed"
"ATOMUSDT","Cross","Long","4.34400000","4.49300000","2.30000000","2.30000000","0.34270000","2025-08-20 13:44:34.721","2025-08-21 11:05:20.262","Closed"
"DOTUSDT","Cross","Long","3.76900000","3.84000000","2.70000000","2.70000000","0.19170000","2025-08-20 13:44:31.764","2025-08-21 11:05:20.242","Closed"
"NEARUSDT","Cross","Long","2.45500000","2.49300000","4.00000000","4.00000000","0.15200000","2025-08-20 13:44:28.667","2025-08-21 11:05:20.262","Closed"
"API3USDT","Cross","Short","1.38970000","1.35630000","63.40000000","63.40000000","2.11756000","2025-08-20 11:32:53.833","2025-08-20 14:30:51.945","Closed"
"ETCUSDT","Cross","Long","20.97800000","20.65700000","2.38000000","2.38000000","-0.76398000","2025-08-20 08:43:48.306","2025-08-20 14:22:50.932","Closed"
"BNBUSDT","Cross","Long","834.58000000","859.36000000","0.05000000","0.05000000","1.23900000","2025-08-20 08:43:45.808","2025-08-21 08:49:57.152","Closed"
"SUSDT","Cross","Long","0.31520000","0.31920000","159.00000000","159.00000000","0.63600000","2025-08-20 08:43:43.336","2025-08-21 11:05:20.242","Closed"
"SANDUSDT","Cross","Long","0.27752000","0.28001000","180.00000000","180.00000000","0.44820000","2025-08-20 08:43:40.782","2025-08-21 11:05:20.262","Closed"
"FILUSDT","Cross","Long","2.39800000","2.40700000","20.90000000","20.90000000","0.18810000","2025-08-20 08:43:38.305","2025-08-21 11:05:20.242","Closed"
"API3USDT","Cross","Long","1.43430000","1.46150000","139.10000000","139.10000000","3.78352000","2025-08-20 08:43:24.059","2025-08-20 09:39:27.802","Closed"
"API3USDT","Cross","Short","1.50900000","1.44550000","66.10000000","66.10000000","4.19735000","2025-08-20 08:02:28.628","2025-08-20 08:42:16.150","Closed"
"API3USDT","Cross","Long","1.47050000","1.51547400","169.90000000","169.90000000","7.64109000","2025-08-20 07:25:43.589","2025-08-20 08:00:13.104","Closed"
"API3USDT","Cross","Short","1.25530000","1.44950000","79.50000000","79.50000000","-15.43890000","2025-08-20 01:25:11.905","2025-08-20 07:24:02.004","Closed"
"DOGEUSDT","Cross","Long","0.21231000","0.21880000","850.00000000","850.00000000","5.51650000","2025-08-19 18:44:17.667","2025-08-21 09:01:49.061","Closed"
"MYXUSDT","Cross","Short","1.13820000","1.10395800","76.00000000","76.00000000","2.60240000","2025-08-19 16:42:52.173","2025-08-20 04:46:26.052","Closed"
"ETHUSDT","Cross","Long","4206.12000000","4248.00000000","0.11000000","0.11000000","4.60680000","2025-08-19 14:54:17.704","2025-08-20 15:56:50.071","Closed"
"ETHUSDT","Cross","Long","4223.81000000","4220.31000000","0.05800000","0.05800000","-0.20300000","2025-08-19 04:50:48.964","2025-08-19 14:28:10.050","Closed"
"ETHUSDT","Cross","Long","4222.20000000","4224.12000000","0.01300000","0.01300000","0.02496000","2025-08-19 04:49:58.825","2025-08-19 04:50:15.596","Closed"
"BTCUSDT","Cross","Long","115682.60000000","113370.20000000","0.00100000","0.00100000","-2.31240000","2025-08-19 01:55:02.659","2025-08-21 11:05:20.262","Closed"
